station,window_start,window_end,asset_hint
RS03AXPS,2025-01-01T00:00:00Z,2025-01-01T00:10:00Z,ooi://RS03AXPS/2025/01/01/000000.mseed
RS03AXPS,2025-01-01T00:10:00Z,2025-01-01T00:20:00Z,ooi://RS03AXPS/2025/01/01/001000.mseed
RS03AXPS,2025-01-01T00:20:00Z,2025-01-01T00:30:00Z,ooi://RS03AXPS/2025/01/01/002000.mseed
RS03AXPS,2025-01-01T00:30:00Z,2025-01-01T00:40:00Z,ooi://RS03AXPS/2025/01/01/003000.mseed
RS03AXPS,2025-01-01T00:40:00Z,2025-01-01T00:50:00Z,ooi://RS03AXPS/2025/01/01/004000.mseed
RS03AXPS,2025-01-01T00:50:00Z,2025-01-01T01:00:00Z,ooi://RS03AXPS/2025/01/01/005000.mseed
RS03AXPS,2025-01-01T01:00:00Z,2025-01-01T01:10:00Z,ooi://RS03AXPS/2025/01/01/010000.mseed
RS03AXPS,2025-01-01T01:10:00Z,2025-01-01T01:20:00Z,ooi://RS03AXPS/2025/01/01/011000.mseed
RS03AXPS,2025-01-01T01:20:00Z,2025-01-01T01:30:00Z,ooi://RS03AXPS/2025/01/01/012000.mseed
RS03AXPS,2025-01-01T01:30:00Z,2025-01-01T01:40:00Z,ooi://RS03AXPS/2025/01/01/013000.mseed
RS03AXPS,2025-01-01T01:40:00Z,2025-01-01T01:50:00Z,ooi://RS03AXPS/2025/01/01/014000.mseed
RS03AXPS,2025-01-01T01:50:00Z,2025-01-01T02:00:00Z,ooi://RS03AXPS/2025/01/01/015000.mseed
RS03AXPS,2025-01-01T02:00:00Z,2025-01-01T02:10:00Z,ooi://RS03AXPS/2025/01/01/020000.mseed
RS03AXPS,2025-01-01T02:10:00Z,2025-01-01T02:20:00Z,ooi://RS03AXPS/2025/01/01/021000.mseed
RS03AXPS,2025-01-01T02:20:00Z,2025-01-01T02:30:00Z,ooi://RS03AXPS/2025/01/01/022000.mseed
RS03AXPS,2025-01-01T02:30:00Z,2025-01-01T02:40:00Z,ooi://RS03AXPS/2025/01/01/023000.mseed
RS03AXPS,2025-01-01T02:40:00Z,2025-01-01T02:50:00Z,ooi://RS03AXPS/2025/01/01/024000.mseed
RS03AXPS,2025-01-01T02:50:00Z,2025-01-01T03:00:00Z,ooi://RS03AXPS/2025/01/01/025000.mseed
RS03AXPS,2025-01-01T03:00:00Z,2025-01-01T03:10:00Z,ooi://RS03AXPS/2025/01/01/030000.mseed
RS03AXPS,2025-01-01T03:10:00Z,2025-01-01T03:20:00Z,ooi://RS03AXPS/2025/01/01/031000.mseed
RS03AXPS,2025-01-01T03:20:00Z,2025-01-01T03:30:00Z,ooi://RS03AXPS/2025/01/01/032000.mseed
RS03AXPS,2025-01-01T03:30:00Z,2025-01-01T03:40:00Z,ooi://RS03AXPS/2025/01/01/033000.mseed
RS03AXPS,2025-01-01T03:40:00Z,2025-01-01T03:50:00Z,ooi://RS03AXPS/2025/01/01/034000.mseed
RS03AXPS,2025-01-01T03:50:00Z,2025-01-01T04:00:00Z,ooi://RS03AXPS/2025/01/01/035000.mseed
RS03AXPS,2025-01-01T04:00:00Z,2025-01-01T04:10:00Z,ooi://RS03AXPS/2025/01/01/040000.mseed
RS03AXPS,2025-01-01T04:10:00Z,2025-01-01T04:20:00Z,ooi://RS03AXPS/2025/01/01/041000.mseed
RS03AXPS,2025-01-01T04:20:00Z,2025-01-01T04:30:00Z,ooi://RS03AXPS/2025/01/01/042000.mseed
RS03AXPS,2025-01-01T04:30:00Z,2025-01-01T04:40:00Z,ooi://RS03AXPS/2025/01/01/043000.mseed
RS03AXPS,2025-01-01T04:40:00Z,2025-01-01T04:50:00Z,ooi://RS03AXPS/2025/01/01/044000.mseed
RS03AXPS,2025-01-01T04:50:00Z,2025-01-01T05:00:00Z,ooi://RS03AXPS/2025/01/01/045000.mseed
RS03AXPS,2025-01-01T05:00:00Z,2025-01-01T05:10:00Z,ooi://RS03AXPS/2025/01/01/050000.mseed
RS03AXPS,2025-01-01T05:10:00Z,2025-01-01T05:20:00Z,ooi://RS03AXPS/2025/01/01/051000.mseed
RS03AXPS,2025-01-01T05:20:00Z,2025-01-01T05:30:00Z,ooi://RS03AXPS/2025/01/01/052000.mseed
RS03AXPS,2025-01-01T05:30:00Z,2025-01-01T05:40:00Z,ooi://RS03AXPS/2025/01/01/053000.mseed
RS03AXPS,2025-01-01T05:40:00Z,2025-01-01T05:50:00Z,ooi://RS03AXPS/2025/01/01/054000.mseed
RS03AXPS,2025-01-01T05:50:00Z,2025-01-01T06:00:00Z,ooi://RS03AXPS/2025/01/01/055000.mseed
RS03AXPS,2025-01-01T06:00:00Z,2025-01-01T06:10:00Z,ooi://RS03AXPS/2025/01/01/060000.mseed
RS03AXPS,2025-01-01T06:10:00Z,2025-01-01T06:20:00Z,ooi://RS03AXPS/2025/01/01/061000.mseed
RS03AXPS,2025-01-01T06:20:00Z,2025-01-01T06:30:00Z,ooi://RS03AXPS/2025/01/01/062000.mseed
RS03AXPS,2025-01-01T06:30:00Z,2025-01-01T06:40:00Z,ooi://RS03AXPS/2025/01/01/063000.mseed
RS03AXPS,2025-01-01T06:40:00Z,2025-01-01T06:50:00Z,ooi://RS03AXPS/2025/01/01/064000.mseed
RS03AXPS,2025-01-01T06:50:00Z,2025-01-01T07:00:00Z,ooi://RS03AXPS/2025/01/01/065000.mseed
RS03AXPS,2025-01-01T07:00:00Z,2025-01-01T07:10:00Z,ooi://RS03AXPS/2025/01/01/070000.mseed
RS03AXPS,2025-01-01T07:10:00Z,2025-01-01T07:20:00Z,ooi://RS03AXPS/2025/01/01/071000.mseed
RS03AXPS,2025-01-01T07:20:00Z,2025-01-01T07:30:00Z,ooi://RS03AXPS/2025/01/01/072000.mseed
RS03AXPS,2025-01-01T07:30:00Z,2025-01-01T07:40:00Z,ooi://RS03AXPS/2025/01/01/073000.mseed
RS03AXPS,2025-01-01T07:40:00Z,2025-01-01T07:50:00Z,ooi://RS03AXPS/2025/01/01/074000.mseed
RS03AXPS,2025-01-01T07:50:00Z,2025-01-01T08:00:00Z,ooi://RS03AXPS/2025/01/01/075000.mseed
RS03AXPS,2025-01-01T08:00:00Z,2025-01-01T08:10:00Z,ooi://RS03AXPS/2025/01/01/080000.mseed
RS03AXPS,2025-01-01T08:10:00Z,2025-01-01T08:20:00Z,ooi://RS03AXPS/2025/01/01/081000.mseed
RS03AXPS,2025-01-01T08:20:00Z,2025-01-01T08:30:00Z,ooi://RS03AXPS/2025/01/01/082000.mseed
RS03AXPS,2025-01-01T08:30:00Z,2025-01-01T08:40:00Z,ooi://RS03AXPS/2025/01/01/083000.mseed
RS03AXPS,2025-01-01T08:40:00Z,2025-01-01T08:50:00Z,ooi://RS03AXPS/2025/01/01/084000.mseed
RS03AXPS,2025-01-01T08:50:00Z,2025-01-01T09:00:00Z,ooi://RS03AXPS/2025/01/01/085000.mseed
RS03AXPS,2025-01-01T09:00:00Z,2025-01-01T09:10:00Z,ooi://RS03AXPS/2025/01/01/090000.mseed
RS03AXPS,2025-01-01T09:10:00Z,2025-01-01T09:20:00Z,ooi://RS03AXPS/2025/01/01/091000.mseed
RS03AXPS,2025-01-01T09:20:00Z,2025-01-01T09:30:00Z,ooi://RS03AXPS/2025/01/01/092000.mseed
RS03AXPS,2025-01-01T09:30:00Z,2025-01-01T09:40:00Z,ooi://RS03AXPS/2025/01/01/093000.mseed
RS03AXPS,2025-01-01T09:40:00Z,2025-01-01T09:50:00Z,ooi://RS03AXPS/2025/01/01/094000.mseed
RS03AXPS,2025-01-01T09:50:00Z,2025-01-01T10:00:00Z,ooi://RS03AXPS/2025/01/01/095000.mseed
RS03AXPS,2025-01-01T10:00:00Z,2025-01-01T10:10:00Z,ooi://RS03AXPS/2025/01/01/100000.mseed
RS03AXPS,2025-01-01T10:10:00Z,2025-01-01T10:20:00Z,ooi://RS03AXPS/2025/01/01/101000.mseed
RS03AXPS,2025-01-01T10:20:00Z,2025-01-01T10:30:00Z,ooi://RS03AXPS/2025/01/01/102000.mseed
RS03AXPS,2025-01-01T10:30:00Z,2025-01-01T10:40:00Z,ooi://RS03AXPS/2025/01/01/103000.mseed
RS03AXPS,2025-01-01T10:40:00Z,2025-01-01T10:50:00Z,ooi://RS03AXPS/2025/01/01/104000.mseed
RS03AXPS,2025-01-01T10:50:00Z,2025-01-01T11:00:00Z,ooi://RS03AXPS/2025/01/01/105000.mseed
RS03AXPS,2025-01-01T11:00:00Z,2025-01-01T11:10:00Z,ooi://RS03AXPS/2025/01/01/110000.mseed
RS03AXPS,2025-01-01T11:10:00Z,2025-01-01T11:20:00Z,ooi://RS03AXPS/2025/01/01/111000.mseed
RS03AXPS,2025-01-01T11:20:00Z,2025-01-01T11:30:00Z,ooi://RS03AXPS/2025/01/01/112000.mseed
RS03AXPS,2025-01-01T11:30:00Z,2025-01-01T11:40:00Z,ooi://RS03AXPS/2025/01/01/113000.mseed
RS03AXPS,2025-01-01T11:40:00Z,2025-01-01T11:50:00Z,ooi://RS03AXPS/2025/01/01/114000.mseed
RS03AXPS,2025-01-01T11:50:00Z,2025-01-01T12:00:00Z,ooi://RS03AXPS/2025/01/01/115000.mseed
RS03AXPS,2025-01-01T12:00:00Z,2025-01-01T12:10:00Z,ooi://RS03AXPS/2025/01/01/120000.mseed
RS03AXPS,2025-01-01T12:10:00Z,2025-01-01T12:20:00Z,ooi://RS03AXPS/2025/01/01/121000.mseed
RS03AXPS,2025-01-01T12:20:00Z,2025-01-01T12:30:00Z,ooi://RS03AXPS/2025/01/01/122000.mseed
RS03AXPS,2025-01-01T12:30:00Z,2025-01-01T12:40:00Z,ooi://RS03AXPS/2025/01/01/123000.mseed
RS03AXPS,2025-01-01T12:40:00Z,2025-01-01T12:50:00Z,ooi://RS03AXPS/2025/01/01/124000.mseed
RS03AXPS,2025-01-01T12:50:00Z,2025-01-01T13:00:00Z,ooi://RS03AXPS/2025/01/01/125000.mseed
RS03AXPS,2025-01-01T13:00:00Z,2025-01-01T13:10:00Z,ooi://RS03AXPS/2025/01/01/130000.mseed
RS03AXPS,2025-01-01T13:10:00Z,2025-01-01T13:20:00Z,ooi://RS03AXPS/2025/01/01/131000.mseed
RS03AXPS,2025-01-01T13:20:00Z,2025-01-01T13:30:00Z,ooi://RS03AXPS/2025/01/01/132000.mseed
RS03AXPS,2025-01-01T13:30:00Z,2025-01-01T13:40:00Z,ooi://RS03AXPS/2025/01/01/133000.mseed
RS03AXPS,2025-01-01T13:40:00Z,2025-01-01T13:50:00Z,ooi://RS03AXPS/2025/01/01/134000.mseed
RS03AXPS,2025-01-01T13:50:00Z,2025-01-01T14:00:00Z,ooi://RS03AXPS/2025/01/01/135000.mseed
RS03AXPS,2025-01-01T14:00:00Z,2025-01-01T14:10:00Z,ooi://RS03AXPS/2025/01/01/140000.mseed
RS03AXPS,2025-01-01T14:10:00Z,2025-01-01T14:20:00Z,ooi://RS03AXPS/2025/01/01/141000.mseed
RS03AXPS,2025-01-01T14:20:00Z,2025-01-01T14:30:00Z,ooi://RS03AXPS/2025/01/01/142000.mseed
RS03AXPS,2025-01-01T14:30:00Z,2025-01-01T14:40:00Z,ooi://RS03AXPS/2025/01/01/143000.mseed
RS03AXPS,2025-01-01T14:40:00Z,2025-01-01T14:50:00Z,ooi://RS03AXPS/2025/01/01/144000.mseed
RS03AXPS,2025-01-01T14:50:00Z,2025-01-01T15:00:00Z,ooi://RS03AXPS/2025/01/01/145000.mseed
RS03AXPS,2025-01-01T15:00:00Z,2025-01-01T15:10:00Z,ooi://RS03AXPS/2025/01/01/150000.mseed
RS03AXPS,2025-01-01T15:10:00Z,2025-01-01T15:20:00Z,ooi://RS03AXPS/2025/01/01/151000.mseed
RS03AXPS,2025-01-01T15:20:00Z,2025-01-01T15:30:00Z,ooi://RS03AXPS/2025/01/01/152000.mseed
RS03AXPS,2025-01-01T15:30:00Z,2025-01-01T15:40:00Z,ooi://RS03AXPS/2025/01/01/153000.mseed
RS03AXPS,2025-01-01T15:40:00Z,2025-01-01T15:50:00Z,ooi://RS03AXPS/2025/01/01/154000.mseed
RS03AXPS,2025-01-01T15:50:00Z,2025-01-01T16:00:00Z,ooi://RS03AXPS/2025/01/01/155000.mseed
RS03AXPS,2025-01-01T16:00:00Z,2025-01-01T16:10:00Z,ooi://RS03AXPS/2025/01/01/160000.mseed
RS03AXPS,2025-01-01T16:10:00Z,2025-01-01T16:20:00Z,ooi://RS03AXPS/2025/01/01/161000.mseed
RS03AXPS,2025-01-01T16:20:00Z,2025-01-01T16:30:00Z,ooi://RS03AXPS/2025/01/01/162000.mseed
RS03AXPS,2025-01-01T16:30:00Z,2025-01-01T16:40:00Z,ooi://RS03AXPS/2025/01/01/163000.mseed
RS03AXPS,2025-01-01T16:40:00Z,2025-01-01T16:50:00Z,ooi://RS03AXPS/2025/01/01/164000.mseed
RS03AXPS,2025-01-01T16:50:00Z,2025-01-01T17:00:00Z,ooi://RS03AXPS/2025/01/01/165000.mseed
RS03AXPS,2025-01-01T17:00:00Z,2025-01-01T17:10:00Z,ooi://RS03AXPS/2025/01/01/170000.mseed
RS03AXPS,2025-01-01T17:10:00Z,2025-01-01T17:20:00Z,ooi://RS03AXPS/2025/01/01/171000.mseed
RS03AXPS,2025-01-01T17:20:00Z,2025-01-01T17:30:00Z,ooi://RS03AXPS/2025/01/01/172000.mseed
RS03AXPS,2025-01-01T17:30:00Z,2025-01-01T17:40:00Z,ooi://RS03AXPS/2025/01/01/173000.mseed
RS03AXPS,2025-01-01T17:40:00Z,2025-01-01T17:50:00Z,ooi://RS03AXPS/2025/01/01/174000.mseed
RS03AXPS,2025-01-01T17:50:00Z,2025-01-01T18:00:00Z,ooi://RS03AXPS/2025/01/01/175000.mseed
RS03AXPS,2025-01-01T18:00:00Z,2025-01-01T18:10:00Z,ooi://RS03AXPS/2025/01/01/180000.mseed
RS03AXPS,2025-01-01T18:10:00Z,2025-01-01T18:20:00Z,ooi://RS03AXPS/2025/01/01/181000.mseed
RS03AXPS,2025-01-01T18:20:00Z,2025-01-01T18:30:00Z,ooi://RS03AXPS/2025/01/01/182000.mseed
RS03AXPS,2025-01-01T18:30:00Z,2025-01-01T18:40:00Z,ooi://RS03AXPS/2025/01/01/183000.mseed
RS03AXPS,2025-01-01T18:40:00Z,2025-01-01T18:50:00Z,ooi://RS03AXPS/2025/01/01/184000.mseed
RS03AXPS,2025-01-01T18:50:00Z,2025-01-01T19:00:00Z,ooi://RS03AXPS/2025/01/01/185000.mseed
RS03AXPS,2025-01-01T19:00:00Z,2025-01-01T19:10:00Z,ooi://RS03AXPS/2025/01/01/190000.mseed
RS03AXPS,2025-01-01T19:10:00Z,2025-01-01T19:20:00Z,ooi://RS03AXPS/2025/01/01/191000.mseed
RS03AXPS,2025-01-01T19:20:00Z,2025-01-01T19:30:00Z,ooi://RS03AXPS/2025/01/01/192000.mseed
RS03AXPS,2025-01-01T19:30:00Z,2025-01-01T19:40:00Z,ooi://RS03AXPS/2025/01/01/193000.mseed
RS03AXPS,2025-01-01T19:40:00Z,2025-01-01T19:50:00Z,ooi://RS03AXPS/2025/01/01/194000.mseed
RS03AXPS,2025-01-01T19:50:00Z,2025-01-01T20:00:00Z,ooi://RS03AXPS/2025/01/01/195000.mseed
RS03AXPS,2025-01-01T20:00:00Z,2025-01-01T20:10:00Z,ooi://RS03AXPS/2025/01/01/200000.mseed
RS03AXPS,2025-01-01T20:10:00Z,2025-01-01T20:20:00Z,ooi://RS03AXPS/2025/01/01/201000.mseed
RS03AXPS,2025-01-01T20:20:00Z,2025-01-01T20:30:00Z,ooi://RS03AXPS/2025/01/01/202000.mseed
RS03AXPS,2025-01-01T20:30:00Z,2025-01-01T20:40:00Z,ooi://RS03AXPS/2025/01/01/203000.mseed
RS03AXPS,2025-01-01T20:40:00Z,2025-01-01T20:50:00Z,ooi://RS03AXPS/2025/01/01/204000.mseed
RS03AXPS,2025-01-01T20:50:00Z,2025-01-01T21:00:00Z,ooi://RS03AXPS/2025/01/01/205000.mseed
RS03AXPS,2025-01-01T21:00:00Z,2025-01-01T21:10:00Z,ooi://RS03AXPS/2025/01/01/210000.mseed
RS03AXPS,2025-01-01T21:10:00Z,2025-01-01T21:20:00Z,ooi://RS03AXPS/2025/01/01/211000.mseed
RS03AXPS,2025-01-01T21:20:00Z,2025-01-01T21:30:00Z,ooi://RS03AXPS/2025/01/01/212000.mseed
RS03AXPS,2025-01-01T21:30:00Z,2025-01-01T21:40:00Z,ooi://RS03AXPS/2025/01/01/213000.mseed
RS03AXPS,2025-01-01T21:40:00Z,2025-01-01T21:50:00Z,ooi://RS03AXPS/2025/01/01/214000.mseed
RS03AXPS,2025-01-01T21:50:00Z,2025-01-01T22:00:00Z,ooi://RS03AXPS/2025/01/01/215000.mseed
RS03AXPS,2025-01-01T22:00:00Z,2025-01-01T22:10:00Z,ooi://RS03AXPS/2025/01/01/220000.mseed
RS03AXPS,2025-01-01T22:10:00Z,2025-01-01T22:20:00Z,ooi://RS03AXPS/2025/01/01/221000.mseed
RS03AXPS,2025-01-01T22:20:00Z,2025-01-01T22:30:00Z,ooi://RS03AXPS/2025/01/01/222000.mseed
RS03AXPS,2025-01-01T22:30:00Z,2025-01-01T22:40:00Z,ooi://RS03AXPS/2025/01/01/223000.mseed
RS03AXPS,2025-01-01T22:40:00Z,2025-01-01T22:50:00Z,ooi://RS03AXPS/2025/01/01/224000.mseed
RS03AXPS,2025-01-01T22:50:00Z,2025-01-01T23:00:00Z,ooi://RS03AXPS/2025/01/01/225000.mseed
RS03AXPS,2025-01-01T23:00:00Z,2025-01-01T23:10:00Z,ooi://RS03AXPS/2025/01/01/230000.mseed
RS03AXPS,2025-01-01T23:10:00Z,2025-01-01T23:20:00Z,ooi://RS03AXPS/2025/01/01/231000.mseed
RS03AXPS,2025-01-01T23:20:00Z,2025-01-01T23:30:00Z,ooi://RS03AXPS/2025/01/01/232000.mseed
RS03AXPS,2025-01-01T23:30:00Z,2025-01-01T23:40:00Z,ooi://RS03AXPS/2025/01/01/233000.mseed
RS03AXPS,2025-01-01T23:40:00Z,2025-01-01T23:50:00Z,ooi://RS03AXPS/2025/01/01/234000.mseed
RS03AXPS,2025-01-01T23:50:00Z,2025-01-02T00:00:00Z,ooi://RS03AXPS/2025/01/01/235000.mseed
